<?xml version="1.0" encoding="UTF-8"?>
<dxl:registerChannels xmlns:dxl="http://www.mcafee.com/schemas/dxl">
    <product name="McAfee Advanced Threat Defence" context="MATD">
		<group uniqueKey="AtdDxlGroup">
            <!-- this will be localized in the installBundle.properties using this key-->
            <nameKey>atd.dxl.event.channel.group</nameKey>
            <!-- these represent the topics that the ePO server can respond to -->
            <receiveTags allowEPO="false"></receiveTags>
            <sendTags allowEPO="false">ATDDXL</sendTags>
            <channels>
                <channel uniqueKey="atdfilerep">/mcafee/event/atd/file/report</channel>
            </channels>
        </group>
    </product>
</dxl:registerChannels>