<!--~~~~~~~~~~~~~~~~~~~~~~~~~~~~~~~~~~~~~~~~~~~~~~~~~~~~~~~~~~~~~~~~~~~~~~~~~~~~
  ~ Copyright (c) 2014 McAfee Inc. -  All Rights Reserved.
  ~~~~~~~~~~~~~~~~~~~~~~~~~~~~~~~~~~~~~~~~~~~~~~~~~~~~~~~~~~~~~~~~~~~~~~~~~~~-->

<project name='ATDDXLTag' default='install' basedir='.'>

    <property file="extension.properties"/>

    <!-- The context URL the webapp will be installed to -->
    <property name="context" value="/${extension.name}"/>

    <target name="install">
        <echo message="Install called for ${extension.name} (version ${extension.version})"/>
		
		<reg-prodfamily prodID="MATD_AM_1000" family="MATD" familyDispName="McAfee Advanced Threat Defense" props="ProductVersion"/>
        <bundle id="installBundle" location="installBundle" />
        <install-webapp dir="webapp" context="${context}"/>
		
		<!--  Add the required tags -->
        <execute-command command="atd.tagMgmtCommand">
            <param name="operation" value="add"/>
        </execute-command>
			<!-- Server tasks -->
        <!-- Add a "Maintenance" server tasks for automatic tagging -->
        <add-server-task id="atd.serverTask.evaluateTag" uniqueKey="atd.serverTask.evaluateTag"
		                 type="MAINTENANCE"
                         bundleRef="installBundle"
                         enabled="true"
                         debug="false">
            <nameKey>atd.serverTask.evaluateTag.name</nameKey>
            <descriptionKey>atd.serverTask.evaluateTag.desc</descriptionKey>
            <schedule type="advanced">
                <advanced cron="0 0 * * * ?"/>
            </schedule>
            <commandChain>
                <command name="atd.tagMgmtCommand">
                    <property name="operation">tagAtdServers</property>
                </command>
            </commandChain>
        </add-server-task>
        <!-- register the channels -->
        <dxl-reg-channels file="DxlRegisterChannels.xml" bundleRef="installBundle"/>
    </target>

    <target name="uninstall">
        <echo message="Uninstall called for ${extension.name} (version ${extension.version})"/>

        <!-- unregister the channels.-->
        <dxl-unreg-channels file="DxlUnRegisterChannels.xml" bundleRef="installBundle"/>
		<remove-server-task id="atd.serverTask.evaluateTag" uniqueKey="atd.serverTask.evaluateTag" bundleRef="installBundle"/>
		        <!-- Remove the tags -->
        <execute-command command="atd.tagMgmtCommand">
            <param name="operation" value="del"/>
        </execute-command>
		
		<remove-webapp context="${context}" />
		<unreg-prodfamily prodID="MATD_AM_1000" family="MATD"/>
    </target>

    <target name="upgrade">

        <echo message="Upgrade called for ${extension.name} (version ${extension.version})"/>
        <echo message="Replacing ${extension.name} (version ${previous.version})"/>
        <remove-webapp context="${context}"/>
        <install-webapp dir="webapp" context="${context}"/>

    </target>

    <target name="downgrade">

        <echo message="Upgrade failed for ${extension.name} (version ${extension.version})"/>
        <echo message="Restoring ${extension.name} (version ${previous.version})"/>
        <remove-webapp context="${context}"/>
        <install-webapp dir="${previous.directory}/webapp" context="${context}"/>

    </target>

</project>
